<?xml version="1.0" ?>
<tvb_data Data_version="2">
	<status>4-FINISHED</status>
	<create_date>2013-11-24,01-27-57.435771</create_date>
	<fk_launched_in>c6063224-4b7f-11e3-84f9-0050569ad6fd</fk_launched_in>
	<visible>True</visible>
	<completion_date>2013-11-26,06-56-47.625320</completion_date>
	<meta_data>{&quot;Data_State&quot;: &quot;INTERMEDIATE&quot;, &quot;user_group&quot;: &quot;incomplete&quot;, &quot;Burst_Reference&quot;: 985}</meta_data>
	<user_group>2013-11-26,06-56-47</user_group>
	<additional_info></additional_info>
	<range_values>{&quot;connectivity&quot;: &quot;94366c2c-4b80-11e3-aaad-0050569ad6fd&quot;}</range_values>
	<parameters>{&quot;&quot;: &quot;==&quot;, &quot;model_parameters_option_LarterBreakspear_aei&quot;: &quot;[2.0]&quot;, &quot;model_parameters_option_LarterBreakspear_TK&quot;: &quot;[0.0]&quot;, &quot;model_parameters_option_LarterBreakspear_VL&quot;: &quot;[-0.5]&quot;, &quot;coupling_parameters_option_HyperbolicTangent_normalise&quot;: &quot;true&quot;, &quot;monitors_parameters_option_Bold_hrf_kernel_parameters_option_Gamma_parameters_parameters_factorial&quot;: &quot;2.0&quot;, &quot;model_parameters_option_LarterBreakspear_noise_parameters_option_Noise_random_stream&quot;: &quot;RandomStream&quot;, &quot;monitors_parameters_option_Bold_period&quot;: &quot;2000.0&quot;, &quot;integrator&quot;: &quot;HeunDeterministic&quot;, &quot;monitors_parameters_option_Bold_hrf_kernel_parameters_option_MixtureOfGammas_parameters_parameters_a_2&quot;: &quot;13.0&quot;, &quot;model_parameters_option_LarterBreakspear_rNMDA&quot;: &quot;[0.25]&quot;, &quot;model_parameters_option_LarterBreakspear_aee&quot;: &quot;[0.36]&quot;, &quot;surface&quot;: &quot;&quot;, &quot;monitors_parameters_option_Bold_hrf_kernel_parameters_option_MixtureOfGammas_equation&quot;: &quot;(l * var)**(a_1-1) * exp(-l*var) / gamma_a_1 - c * (l*var)**(a_2-1) * exp(-l*var) / gamma_a_2&quot;, &quot;integrator_parameters_option_HeunDeterministic_dt&quot;: &quot;0.4&quot;, &quot;model_parameters_option_LarterBreakspear_QZ_max&quot;: &quot;[1.0]&quot;, &quot;monitors_parameters_option_Bold_hrf_kernel_parameters_option_MixtureOfGammas_parameters_parameters_a_1&quot;: &quot;6.0&quot;, &quot;simulation_length&quot;: &quot;600000&quot;, &quot;model_parameters_option_LarterBreakspear_noise_parameters_option_Noise_random_stream_parameters_option_RandomStream_init_seed&quot;: &quot;42&quot;, &quot;model_parameters_option_LarterBreakspear_d_Z&quot;: &quot;[0.65]&quot;, &quot;model_parameters_option_LarterBreakspear_tau_K&quot;: &quot;[1.0]&quot;, &quot;model_parameters_option_LarterBreakspear_d_K&quot;: &quot;[0.3]&quot;, &quot;model_parameters_option_LarterBreakspear_d_V&quot;: &quot;[0.65]&quot;, &quot;model_parameters_option_LarterBreakspear_variables_of_interest&quot;: [&quot;V&quot;, &quot;W&quot;, &quot;Z&quot;], &quot;model_parameters_option_LarterBreakspear_phi&quot;: &quot;[0.7]&quot;, &quot;model_parameters_option_LarterBreakspear_d_Ca&quot;: &quot;[0.15]&quot;, &quot;model_parameters_option_LarterBreakspear_ani&quot;: &quot;[0.4]&quot;, &quot;monitors_parameters_option_Bold_hrf_kernel_parameters_option_MixtureOfGammas_parameters_parameters_l&quot;: &quot;1.0&quot;, &quot;model_parameters_option_LarterBreakspear_ZT&quot;: &quot;[0.0]&quot;, &quot;model_parameters_option_LarterBreakspear_Iext&quot;: &quot;[0.3]&quot;, &quot;model_parameters_option_LarterBreakspear_noise_parameters_option_Noise_ntau&quot;: &quot;0.0&quot;, &quot;model_parameters_option_LarterBreakspear_gCa&quot;: &quot;[1.1]&quot;, &quot;monitors_parameters_option_Bold_hrf_kernel_parameters_option_MixtureOfGammas_parameters_parameters_c&quot;: &quot;0.4&quot;, &quot;monitors_parameters_option_Bold_hrf_kernel&quot;: &quot;Gamma&quot;, &quot;model_parameters_option_LarterBreakspear_state_variable_range_parameters_Z&quot;: &quot;[-0.5  0.5]&quot;, &quot;conduction_speed&quot;: &quot;100.0&quot;, &quot;model_parameters_option_LarterBreakspear_VK&quot;: &quot;[-0.7]&quot;, &quot;currentAlgoId&quot;: 26, &quot;monitors_parameters_option_Bold_hrf_kernel_parameters_option_Gamma_equation&quot;: &quot;((var / tau) ** (n - 1) * exp(-(var / tau)) )/ (tau * factorial)&quot;, &quot;coupling_parameters_option_HyperbolicTangent_sigma&quot;: &quot;[0.65]&quot;, &quot;model_parameters_option_LarterBreakspear_state_variable_range_parameters_V&quot;: &quot;[-0.5  0.5]&quot;, &quot;model_parameters_option_LarterBreakspear_state_variable_range_parameters_W&quot;: &quot;[-0.5  0.5]&quot;, &quot;monitors&quot;: &quot;Bold&quot;, &quot;monitors_parameters_option_Bold_hrf_kernel_parameters_option_Gamma_parameters_parameters_tau&quot;: &quot;1.08&quot;, &quot;model_parameters_option_LarterBreakspear_TNa&quot;: &quot;[0.3]&quot;, &quot;model_parameters_option_LarterBreakspear_noise&quot;: &quot;Noise&quot;, &quot;model_parameters_option_LarterBreakspear_C&quot;: &quot;[0.1]&quot;, &quot;model_parameters_option_LarterBreakspear_gNa&quot;: &quot;[6.7]&quot;, &quot;model_parameters_option_LarterBreakspear_VCa&quot;: &quot;[1.0]&quot;, &quot;connectivity&quot;: &quot;94366c2c-4b80-11e3-aaad-0050569ad6fd&quot;, &quot;model_parameters_option_LarterBreakspear_VT&quot;: &quot;[0.0]&quot;, &quot;range_2&quot;: &quot;0&quot;, &quot;monitors_parameters_option_Bold_hrf_kernel_parameters_option_MixtureOfGammas_parameters_parameters_gamma_a_1&quot;: &quot;1.0&quot;, &quot;monitors_parameters_option_Bold_hrf_kernel_parameters_option_MixtureOfGammas_parameters_parameters_gamma_a_2&quot;: &quot;1.0&quot;, &quot;coupling_parameters_option_HyperbolicTangent_midpoint&quot;: &quot;[0.0]&quot;, &quot;model_parameters_option_LarterBreakspear_ane&quot;: &quot;[1.0]&quot;, &quot;monitors_parameters_option_Bold_hrf_kernel_parameters_option_Gamma_parameters_parameters_n&quot;: &quot;3.0&quot;, &quot;coupling&quot;: &quot;HyperbolicTangent&quot;, &quot;stimulus&quot;: &quot;&quot;, &quot;model_parameters_option_LarterBreakspear_aie&quot;: &quot;[2.0]&quot;, &quot;monitors_parameters_option_Bold_hrf_kernel_parameters_option_Gamma_parameters_parameters_a&quot;: &quot;0.1&quot;, &quot;model_parameters_option_LarterBreakspear_QV_max&quot;: &quot;[1.0]&quot;, &quot;model_parameters_option_LarterBreakspear_TCa&quot;: &quot;[-0.01]&quot;, &quot;model_parameters_option_LarterBreakspear_gK&quot;: &quot;[2.0]&quot;, &quot;model_parameters_option_LarterBreakspear_gL&quot;: &quot;[0.5]&quot;, &quot;values&quot;: &quot;998&quot;, &quot;model_parameters_option_LarterBreakspear_d_Na&quot;: &quot;[0.15]&quot;, &quot;model&quot;: &quot;LarterBreakspear&quot;, &quot;model_parameters_option_LarterBreakspear_VNa&quot;: &quot;[0.53]&quot;, &quot;model_parameters_option_LarterBreakspear_b&quot;: &quot;[0.1]&quot;, &quot;coupling_parameters_option_HyperbolicTangent_a&quot;: &quot;[0.5]&quot;}</parameters>
	<fk_from_algo>{&quot;classname&quot;: &quot;SimulatorAdapter&quot;, &quot;identifier&quot;: null, &quot;init_parameter&quot;: null, &quot;module&quot;: &quot;tvb.adapters.simulator.simulator_adapter&quot;}</fk_from_algo>
	<method_name>launch</method_name>
	<result_disk_size>7894</result_disk_size>
	<gid>445775a2-549f-11e3-977f-0050569ad6fd</gid>
	<fk_operation_group>{&quot;op_group_name&quot;: &quot;of TimeSeriesRegion varying connectivity - 2013-11-26,10-26-15&quot;, &quot;name&quot;: &quot;of TimeSeriesRegion varying connectivity - 2013-11-26,06-56-47&quot;, &quot;fk_launched_in&quot;: 68, &quot;range3&quot;: null, &quot;range2&quot;: null, &quot;range1&quot;: &quot;[\&quot;connectivity\&quot;, [\&quot;2b6f93b2-4b80-11e3-aaad-0050569ad6fd\&quot;, \&quot;418c831c-4b80-11e3-aaad-0050569ad6fd\&quot;, \&quot;4ca0b124-4b80-11e3-aaad-0050569ad6fd\&quot;, \&quot;5f530e5c-4b80-11e3-aaad-0050569ad6fd\&quot;, \&quot;6c306c14-4b80-11e3-aaad-0050569ad6fd\&quot;, \&quot;82669792-4b80-11e3-aaad-0050569ad6fd\&quot;, \&quot;94366c2c-4b80-11e3-aaad-0050569ad6fd\&quot;, \&quot;bb050d04-4b80-11e3-aaad-0050569ad6fd\&quot;, \&quot;e6436f88-4b80-11e3-aaad-0050569ad6fd\&quot;, \&quot;f5e9adee-4b80-11e3-aaad-0050569ad6fd\&quot;, \&quot;02740bb8-4b81-11e3-aaad-0050569ad6fd\&quot;, \&quot;ecfc2fb2-4b81-11e3-84f9-0050569ad6fd\&quot;, \&quot;246d52dc-4b82-11e3-84f9-0050569ad6fd\&quot;, \&quot;3b6718ec-4b82-11e3-84f9-0050569ad6fd\&quot;, \&quot;5cf4e7f0-4b82-11e3-84f9-0050569ad6fd\&quot;, \&quot;92ec2378-4b82-11e3-84f9-0050569ad6fd\&quot;, \&quot;b8a126a8-4b83-11e3-84f9-0050569ad6fd\&quot;, \&quot;d57b3c14-4b83-11e3-84f9-0050569ad6fd\&quot;, \&quot;6b67e2cc-4b84-11e3-84f9-0050569ad6fd\&quot;, \&quot;8777b1fe-4b84-11e3-84f9-0050569ad6fd\&quot;, \&quot;9e670090-4b84-11e3-84f9-0050569ad6fd\&quot;, \&quot;be101dc8-4b84-11e3-84f9-0050569ad6fd\&quot;, \&quot;f70028bc-4b84-11e3-84f9-0050569ad6fd\&quot;]]&quot;, &quot;gid&quot;: &quot;4455c8c4-549f-11e3-977f-0050569ad6fd&quot;}</fk_operation_group>
	<start_date>2013-11-24,01-28-26.126702</start_date>
</tvb_data>
